Type,Name,Link,Organization,Area,Description
Como Ayudar ,Red de jornaleros: solicitud de ayuda,https://www.instagram.com/p/DKrf8d9OBxQ/?utm_source=ig_web_copy_link&igsh=MzRlODBiNWFlZA==,"NDLON
Radio Jornalera",LA County,
Como Ayudar ,La ACLU documenta las lesiones causadas por la polic√≠a durante las protestas.,https://www.instagram.com/p/DKu0mINy7Zy/?utm_source=ig_web_copy_link&igsh=MzRlODBiNWFlZA==,ACLU SoCal,Southern CA,
Como Ayudar ,Ven a proteger nuestra comunidad,https://www.instagram.com/p/DKzp16ppYFJ/?utm_source=ig_web_copy_link&igsh=MzRlODBiNWFlZA==,"LATU_Ktown
LA Tenants Union
Carecen LA",Central LA,"¬´CENTRAL LA: ¬°NECESITAMOS TU AYUDA PARA DEFENDER NUESTRA COMUNIDAD DE ICE! ‚ùåüßä‚ùå Los agentes federales est√°n haciendo todo lo posible por aterrorizar a nuestras comunidades, ¬°pero no tenemos miedo! Hemos creado un Centro de Defensa Comunitaria en el Home Depot de MacArthur Park, en el 1675 de Wilshire Boulevard, y necesitamos voluntarios que nos ayuden a atender el puesto, realizar patrullas y compartir recursos con la comunidad. Estaremos aqu√≠ de 7 a. m. a 12 p. m. TODOS LOS D√çAS hasta que expulsemos a estos federales fascistas de nuestra ciudad. Se proporcionar√°n puntos de acceso a Internet para quienes trabajen desde casa, y compraremos comida para compartir a los vendedores locales. ¬°√öNETE A NOSOTROS!¬ª."
Como Ayudar ,Adopta un rinc√≥n para jornaleros,https://ndlon.org/adopt-a-day-labor-corner/,NDLON,LA County,Inscr√≠bete para dar testimonio de solidaridad no violenta en las esquinas donde los jornaleros se re√∫nen para buscar trabajo.
Como Ayudar ,Dentro de la rebeli√≥n de Reddit contra ICE,https://www.instagram.com/p/DLazYB8vIWc/?utm_source=ig_web_copy_link&igsh=MzRlODBiNWFlZA==,migrantsinsider,USA,Resumen sobre un movimiento social en curso en Reddit que rastrea a ICE.
Informacion de defensa,ICEwatch: Mapa de t√°cticas de redadas de ICE,https://www.immigrantdefenseproject.org/icewatch/,Immigrant Defense Project,,ICEwatch se actualiz√≥ por √∫ltima vez en abril de 2022 y dejar√° de estar activo en junio de 2025. IDP seguir√° supervisando las tendencias de las detenciones y redadas de ICE para crear y actualizar nuestros materiales ¬´Conozca sus derechos¬ª (KYR). Esperamos crear un mapa similar que documente las acciones de ICE en nuestra comunidad en el futuro. Todos los materiales KYR de IDP se pueden encontrar en immdefense.org/kyr.
Informacion de defensa,Mapa de actividades de ICE,https://padlet.com/PeopleoverPapers/people-over-papers-anonymous-anonimo-lf0l47ljszbto2uj,People Over Papers,,Este es un mapa donde se puede ver la actividad de üßä en tiempo real! Lo pueden encontrar en padlet.com ‚ÄúPeople over papers‚Äù ‚ù§Ô∏è‚Äçü©π lo que esta pasando en nuestras comunidades no tiene nombre. No nos vamos a quedar con las manos cruzadas! ü´Ç
Tacticas de defensa General ,C√≥mo detener una redada del ICE,https://www.instagram.com/reel/DKkVuwRqOla/?utm_source=ig_web_copy_link&igsh=MzRlODBiNWFlZA==,NowThisImpact,,"Las redadas del ICE tienen como objetivo hacernos sentir impotentes. Pero ahora, organizaciones como @siembranc est√°n empoderando a las comunidades al proporcionarles herramientas y formaci√≥n para ayudar a las personas a plantar cara."
Tacticas de defensa General ,Buenas pr√°cticas para compartir informaci√≥n,https://www.instagram.com/p/DKsVh1hTWRR/?utm_source=ig_web_copy_link&igsh=MzRlODBiNWFlZA==,OCRRN,,¬°Ay√∫danos a recopilar informaci√≥n precisa siguiendo SALUTE! ü´° Ayuda a tus vecinos compartiendo informaci√≥n precisa.
Tacticas de defensa General ,Efectos sobre la salud de las armas utilizadas por la polic√≠a para el control de multitudes,https://www.instagram.com/p/DKu0d1FJCMB/?utm_source=ig_web_copy_link&igsh=MzRlODBiNWFlZA==,"LA Public Press
Frontlinemedics",,"¬øQu√© son los proyectiles que se acumulan en las calles del condado de Los √Ångeles tras las protestas contra las deportaciones del fin de semana? Son municiones menos letales, armas dise√±adas para controlar multitudes mediante el dolor, la desorientaci√≥n y el miedo, evitando v√≠ctimas mortales. Pero ¬´menos letales¬ª no significa inofensivas. Las lesiones causadas por municiones ¬´menos letales¬ª pueden ser graves, desfigurantes o, en ocasiones, mortales. Esto es lo que las armas de control de multitudes le hacen a tu cuerpo. Lee la historia completa de Sean Beckner-Carmitchel (@acatwithnews) a trav√©s del enlace en nuestra biograf√≠a o en LAPublicPress.org."
Tacticas de defensa General ,Sistema de compa√±eros de protesta,https://www.instagram.com/p/DKvhjTTJykN/?utm_source=ig_web_copy_link&igsh=MzRlODBiNWFlZA==,Jail Support LA,LA,Consejos para la seguridad de los manifestantes
Tacticas de defensa General ,Estrategias para una protesta sostenible,https://prt.civicus.org/strategies/,Protest Resilience Toolkit,,"Los movimientos de protesta se esfuerzan por transmitir un mensaje de manera eficaz, ejercer influencia sobre los Estados y otras fuerzas y lograr cambios positivos. Estos no son objetivos f√°ciles de alcanzar, pero, bas√°ndonos en las experiencias de los movimientos de protesta, hay una serie de t√°cticas que se pueden seguir y que aumentan las posibilidades de alcanzar estos objetivos y la sostenibilidad de los movimientos."
Tacticas de defensa General ,¬øCU√ÅNDO LAS PROTESTAS MARCAN LA DIFERENCIA?,https://www.instagram.com/reel/DKxTAlXyFp-/?utm_source=ig_web_copy_link&igsh=MzRlODBiNWFlZA==,"NDLON
Zocalo
The Public Square",,"El organizador de jornaleros (@daylaborernetwork) y cofundador de @losjornalerosdelnorte, Pablo Alvarado (@pablo.alvarado.125), explica por qu√© incorporar el arte y la cultura en una protesta puede ser una herramienta eficaz para crear ¬´tensi√≥n pac√≠fica¬ª. Del programa de Z√≥calo del 22 de agosto de 2024, ¬´¬øCu√°ndo marca la diferencia una protesta?¬ª."
Tacticas de defensa General ,Llamamiento a la resistencia contra las provocaciones en las protestas con dignidad y alegr√≠a,https://www.instagram.com/reel/DKzgSz9RzBj/?utm_source=ig_web_copy_link&igsh=MzRlODBiNWFlZA==,"Radio Jornalera
Cultura Movement
NDLON",,"¬´Cada d√≠a, los jornaleros se colocan en las esquinas en busca de trabajo, pero en lugar de eso se enfrentan al acoso. Pedimos: √∫nete a nosotros, documenta, protege. Pero no caigas en las provocaciones. Resistimos con unidad, alegr√≠a y valent√≠a. Solo el pueblo puede salvar al pueblo. ¬ª"
Tacticas de defensa General ,¬´Pac√≠fico¬ª y ¬´no violento¬ª: mensajes de protesta que socavan el fascismo.,https://www.instagram.com/p/DKxcQkrSSpt/?utm_source=ig_web_copy_link&igsh=MzRlODBiNWFlZA==,@_meganthuy,,Cada exigencia de que condenemos la ¬´violencia¬ª es una trampa para dividirnos. Cada debate sobre ¬´manifestantes buenos frente a manifestantes malos¬ª nos distrae del verdadero problema: la violencia estatal. Nuestra respuesta debe redirigir siempre la atenci√≥n hacia lo que realmente importa: ¬øpor qui√©n luchamos?
Tacticas de defensa General ,No es necesario protestar para lograr un cambio.,https://www.instagram.com/reel/DKxVVLexoGK/?utm_source=ig_web_copy_link&igsh=MzRlODBiNWFlZA==,@buildingmovementproject,,Marco sobre las m√∫ltiples funciones necesarias en los movimientos sociales para el cambio
Tacticas de defensa General ,C√≥mo hablar con los ni√±os sobre lo que est√° pasando,https://www.instagram.com/p/DKub6dqRvWn/?utm_source=ig_web_copy_link&igsh=MzRlODBiNWFlZA==,@Rootsandwings_org,,"¬øC√≥mo hablamos con nuestros hijos cuando el mundo parece incierto? Nuestros hijos pueden sentir cuando algo no va bien. Se merecen honestidad, seguridad y espacio para sentir. Esta gu√≠a est√° escrita por el terapeuta familiar @luis_thee_lmft, que ofrece cinco formas amables de apoyar a los ni√±os en momentos de miedo, violencia o inestabilidad pol√≠tica. Protegemos a nuestros hijos no solo con un refugio, sino con la verdad, la presencia y el amor. Por favor, comp√°rtelo con cualquiera que lo necesite ahora mismo. üß°"
Tacticas de defensa General ,Gu√≠as de comunicaci√≥n sobre c√≥mo hablar sobre la agenda autoritaria de MAGA en materia de inmigraci√≥n,https://asocommunications.com/messaging-guides/?fbclid=IwZXh0bgNhZW0CMTAAYnJpZBExRVA2Ym1neVdqSFl2b21tWgEeSZwdzzso3c9VHXO5c1t6W_6HeC25m2m2T7qkbon8ZNRPZ0r64eJe8gBXi1M_aem_A0BSEAqTBKuGENbFw5xSGg#,aso communications,,"Es hora de dejar claro qui√©n es el culpable de los problemas a los que nos enfrentamos: los pol√≠ticos que utilizan el chivo expiatorio racial para hacerse con el poder y conservarlo, y sembrar la divisi√≥n entre nosotros."
Tacticas de defensa General ,Creaci√≥n de planes comunitarios,https://www.instagram.com/reel/DLqjQh9SO48/?utm_source=ig_web_copy_link&igsh=MzRlODBiNWFlZA==,,,"Si alguien est√° siendo secuestrado, ¬øqu√© haces? ¬øQui√©n en tu vida est√° en peligro? Re√∫ne a algunos amigos este fin de semana. Diles: ¬´Pensemos c√≥mo podemos protegernos unos a otros¬ª."
Tacticas de defensa General ,Kit de herramientas contra las redadas del ICE: c√≥mo defenderse de las redadas del ICE y los arrestos comunitarios,https://www.immigrantdefenseproject.org/raids-toolkit/,Immigrant Defense Project,,"Defend Against ICE Raids and Community Arrests (Defenderse contra las redadas del ICE y los arrestos comunitarios), fruto del trabajo conjunto de IDP y CCR contra los arrestos del ICE bajo los mandatos de Bush y Obama, es la primera gu√≠a completa y recurso organizativo para luchar contra los esfuerzos de la administraci√≥n Trump por criminalizar a las comunidades y deportar a millones de personas."
Asistencia,Asistencia jur√≠dica para jornaleros detenidos,https://www.instagram.com/p/DKxyax8OPXW/?utm_source=ig_web_copy_link&igsh=MzRlODBiNWFlZA==,NDLON,,"¬øConoce a alg√∫n jornalero que haya sido detenido en Los √Ångeles desde que comenzaron las redadas? Si es as√≠, llame al (626) 799-3566. Quiz√°s se trate de un familiar, un vecino, un compa√±ero de trabajo o alguien de su comunidad. Muchas personas han desaparecido de la noche a la ma√±ana, sin poder despedirse, y sus seres queridos se han quedado sin respuestas. Por eso es urgente identificar y localizar a quienes han sido detenidos o deportados. Desde nuestra oficina, estamos trabajando para proporcionar apoyo legal, asistencia emocional y ayuda directa a quienes han sido deportados o est√°n en riesgo. Pero para ello, necesitamos su ayuda. Si conoce a alguien que haya sido detenido o deportado, p√≥ngase en contacto con nosotros en el 626-799-3566. Su informaci√≥n podr√≠a marcar la diferencia. Podemos ayudar a localizar su paradero, ponerlos en contacto con organizaciones, apoyar a sus familias aqu√≠ y, en algunos casos, incluso explorar opciones para su regreso o protecci√≥n legal. Nadie deber√≠a enfrentarse a esto solo. La persecuci√≥n de los migrantes es real, pero tambi√©n lo es nuestro poder para organizarnos, cuidarnos unos a otros y defender nuestra dignidad."
Apoyo,Se avecina una huelga de trabajadores agr√≠colas,https://www.instagram.com/p/DLyFwGbhh2U/?utm_source=ig_web_copy_link&igsh=MzRlODBiNWFlZA==,flowerinspanish,,"Los trabajadores agr√≠colas de California se est√°n organizando, asegur√©monos de amplificar su lucha üó£Ô∏è‚úäüèΩ Todos podemos hacer algo para ayudar. No olvidemos que se trata de una lucha colectiva por la liberaci√≥n, que comienza con la defensa de algunos de los m√°s vulnerables. Comienza contigo."
T√°cticas generales,Si ves que ICE detiene a alguien en p√∫blico,https://www.instagram.com/reel/DKpqqYTy3iA/?utm_source=ig_web_copy_link&igsh=MzRlODBiNWFlZA==,angelinaflorczyk,,Explicaci√≥n de las medidas legales que se deben tomar al presenciar una detenci√≥n de ICE en persona